ID,REF,ALT,SEQ,FLANK
A01_2389098,C,U,ACGCCACAACCTTAAACCCTAACACCAAACTAACAACAACAAAGCTCCTCCCTTTAATCCACCAAACCCTCACCAAACCCTTCTCCCAATCCACCACCATC,51
A01_2389110,C,G,TAAACCCTAACACCAAACTAACAACAACAAAGCTCCTCCCTTTAATCCACCAAACCCTCACCAAACCCTTCTCCCAATCCACCACCATCCCCACGAAACAA,51
A01_2393220,C,U,ATTCTCCTTAACTTCGCCTTCACCAAGCTCCACTCTTTCCTATTCCAACACCCACCAATTCCCGAACCCGTCTTCTTCATTTCCCGTCTCGTTATCTGTCT,51
A01_6353673,C,U,CTCATCTGCTCCTACTCCTCCCCCTCCCCTTCCCTCTCTCCCGCCATTTCCACTTCCGTTAAACTCAACCTCTCATCCTCCTTCCTCCCTTCGTACTCACT,51
A01_6353697,A,U,TCCCCTTCCCTCTCTCCCGCCATTTCCACTTCCGTTAAACTCAACCTCTCATCCTCCTTCCTCCCTTCGTACTCACTCTCCACCACCCCCTCAGCTTCTCA,51
A01_8566071,C,U,AAACTACCCTTCGCTCTTTCTCTCTTCTTCTCACTCTCTCTCCTCCTCGTCTTCTTCTTCGCCTTCCCGTTAACTTCCCTCCGCCGTCCCGTCTCCTCCGT,51
A01_29931489,C,A,TTCACCACCACCGCCAGTCCACTCTCCTCCACCACCAGTCCACTCTCCGCCGCCACCACCAATTTTCTCTCCACCACCACCTACACCAATCTACTCTCCAC,51
A01_34490015,C,U,CGATCCAAGACTTCTGTATACCAAAACCAATCACATCTCCTCATCACCATCCCTTCTCCACAAATCTCCCATGCAAAAACTCCTCCGAACTAACCACCGAA,51
A02_3206647,U,C,ATATATTTCTCTTACAATAATTTATTCAATTCTTTTATTTATTCAAATATUACTCCTAAATCTTAATCATTACTATTATTATATTTACCATTTTGACTTTT,51
A02_4113135,U,C,CTGTTCCTCATTTCTCCCTCCTCCCTAAAGTCTCACCCTTTCATCCTCCCUTCTTATCAACACCACGAAAACTCTCTCTCTTTCACTCTACTACTTGTTCT,51
A02_4113159,U,C,CTAAAGTCTCACCCTTTCATCCTCCCTTCTTATCAACACCACGAAAACTCUCTCTCTTTCACTCTACTACTTGTTCTCCTCTCCAATCCTCCCCCAATTCT,51
A02_4925019,A,U,TAAAACCTCTCTCTCTTATAAATTGCCCCTAAACCTCTCCTTCTTCTACAACATTCTCTCGCAGCCCTAAAACTTCCTCGCCTCCCTCTCTCGAATCTCTT,51
A02_5286436,A,U,TTTCTTTTTCTCTCAAACTACTCACTGCCCAAAGCCACAACACAACACACACACTATACTCTACCCACTTCTCTCTCTCTCACATCTCCCACTGTTTACTC,51
A02_5286439,C,U,CTTTTTCTCTCAAACTACTCACTGCCCAAAGCCACAACACAACACACACACTATACTCTACCCACTTCTCTCTCTCTCACATCTCCCACTGTTTACTCTTT,51
A02_7030155,G,A,TTTAAACCCTTCACCTTCTTCTTACCCTACTACATCATCTTCTTCCCCAAGCTTTCTTCACTCATATTACACTCCTAATTCTTCTTCCACCTCCTTTCATA,51
A02_7872699,U,C,CGCTTTCATCATTCAATATCTTCTTCTTCTTCTTCCATCTCCATTATCATUACTCTTTCTCTCTCTCTCCTTTTGTTTCTTGGTTCGTTTTTTCTCTTCTT,51
A02_14465999,C,A,AGTTCCGTTTTCACTTTTTATTTTCTGCTCTTTCAACTTTTTTTTTATCTCTCTCTTTTACTCTATTATTTACCAATCACACTCTATAAATCAAATTGAAA,51
A02_25484678,U,C,GCAATTTCACTTCTCTTTATCCTCTCTCTCGTTTTCTCACTTACAATAAAUTCTCTTCACTTCATTATGCTTTTATCAACTCCATTCTTCTTTGTTCTGAA,51
A02_29511923,A,G,GCCACCTCCTAGCTCTCTCCCTCCTCTTCCTCCTCCCCATCTCCTTCTCCATCACCGTCTACCCCTCCATCTCCCGCCTCATCATCAACCAATCCTCCCCT,51
A02_29511956,A,G,TCCCCATCTCCTTCTCCATCACCGTCTACCCCTCCATCTCCCGCCTCATCATCAACCAATCCTCCCCTTCTCACACCACCTTCTCCCTCCTCAAATCCCAC,51
A02_29511975,C,A,CACCGTCTACCCCTCCATCTCCCGCCTCATCATCAACCAATCCTCCCCTTCTCACACCACCTTCTCCCTCCTCAAATCCCACAACGATATCGATCCCAACA,51
A02_29511984,C,A,CCCCTCCATCTCCCGCCTCATCATCAACCAATCCTCCCCTTCTCACACCACCTTCTCCCTCCTCAAATCCCACAACGATATCGATCCCAACACCGTCCTCC,51
A02_29811957,C,G,ACAACTTCGCCTCCCCACCTCCTGAACCACCCCTTCCCTCTCCTTTCATCCTCTTCTCAAGCCCCAAACCCGAACTCCCCCTCAAACCATCTCTCCTCATC,51
A02_29811967,G,A,CTCCCCACCTCCTGAACCACCCCTTCCCTCTCCTTTCATCCTCTTCTCAAGCCCCAAACCCGAACTCCCCCTCAAACCATCTCTCCTCATCATAGCCCTAT,51
A02_31128040,U,C,ACAAATCCAAGAGAAATGAAGAAGAGAGAAAAGATCACGAAAGAAACAAAUTGAAGAATGAAGAAGAGAAAAAGAAACAGAAAGAGCACGAAGAACACATA,51
A02_33128697,C,A,GTCTCTTAACTTTTATTAATCAAATCATAAAACTCATCAACTACATAAAACCATAGCCTCAAAAACTATATATAATAAAACATAAAAACCCTAAAACAATA,51
A03_2928162,A,U,ACCACAACACTCTTCCTCTTCTTCATTGCCTTCTTTAAATTTCAACAAATACTCCAACTCTTTCCAAAACTTCCCATCCACAAGCCTAAATTTCTCTTCTA,51
A03_6143421,C,U,ATCGTTCTCATTAAACCCTTCATCTTCGTCATATCCTACAACAACTTCTTCCCCAAGCTTTCTTCACTCCCACTACACTCCTAATTCTTCTTCCACCTCCT,51
A03_10923949,C,U,TCCCAAACCCTAGCTTCTCCCAACACCTCTCCCTCCTTCCGATCCCCCTTCCTCAGATTCAACTCCTCCTCCACTCCCAAACCCCTCTCCACTCGCTCCTC,51
A03_10923965,U,C,CTCCCAACACCTCTCCCTCCTTCCGATCCCCCTTCCTCAGATTCAACTCCUCCTCCACTCCCAAACCCCTCTCCACTCGCTCCTCCTCCTCCCTCATCGCA,51
A03_10923969,C,U,CAACACCTCTCCCTCCTTCCGATCCCCCTTCCTCAGATTCAACTCCTCCTCCACTCCCAAACCCCTCTCCACTCGCTCCTCCTCCTCCCTCATCGCACGCT,51
A03_10956684,G,A,CCATGAAATCTCCTCCTCCACCATACTACTATCACTCACCACCTCCACCAGTAAAGTCTCCACCACCACCACCATATTATTACCATTCACCACCTCCTCCA,51
A03_11137636,C,U,TCCAACGCCGTCCATCCCTCACCACCTCCTCCTCCACCAGCCTCAATCCCCACTTTTCCCGCCAACATCTCTTCTCTCTTCTTCCCACCTCACAACTCATC,51
A03_11190900,A,C,TCTCATTCGCAGCATCTCCTCTCTCTCTTCCCAACAACACTCCGCCTCACAAAACCTTCTCTCGCCTCTCCTTTCCTTCTCTCTCCTCCTCCTCCATCTCC,51
A03_11342941,U,C,TCTCAAGTAAACTTAACCTCCTCCGCCATCTTCACCGTGTCTTCCTCCTAUCCCGCCGCCTCGTTTTCCTCATCTACAACATCTTCTTCTTCTTCTTCATC,51
A03_11451638,C,U,AGGTTTCAATCATCTCCCATCAAGTTCGCATTCATCTCCTTCTTCCTCCTCTGTCTCATCTCCCTACTCTTCCTCCGATCTCCACCGTCCGTTAACTCCTC,51
A03_20055710,C,U,CTCCTCGTCCTCTTCATCTTCTCACTCATTTCCATTTCTTATGCCATCCTCCCGAAACTACACAAACCCTAATTACAACAACCCACCACCATATTTTCCAA,51
A03_21140061,U,G,CCTCGTCACATTTATATACTTCCATCCTTCTCTCTACCCACTTCCTCTTCUATTCGATCCTTTCAACCATCCCCCAACCATCTCAATCTCAATCTCTCCTT,51
A03_24948474,U,C,TGCTCCTCCTCCTCCAGACTCATCTCTCCTCCTTCCCTCCGCCCCGCCATUTCCACCTCCACCAACCTCAAAACCCTAAACCTCTCCTCCTCCTTCCTCCC,51
A03_24948485,C,G,CTCCAGACTCATCTCTCCTCCTTCCCTCCGCCCCGCCATTTCCACCTCCACCAACCTCAAAACCCTAAACCTCTCCTCCTCCTTCCTCCCTTCCTACTCCC,51
A03_24948508,U,G,CCCTCCGCCCCGCCATTTCCACCTCCACCAACCTCAAAACCCTAAACCTCUCCTCCTCCTTCCTCCCTTCCTACTCCCTCTCCACCCTCTCCGCCTCCTCC,51
A03_24966424,U,C,AACCTGTGTCTTCTCTGTCGTTTTCTTCCTCCTCTTCCTCTCTCTACCTCUCCCCTCCCTCTCCCAACCATCGCACTCCGTCTACAACTCCTTCCTCAAAT,51
A03_24966431,C,U,GTCTTCTCTGTCGTTTTCTTCCTCCTCTTCCTCTCTCTACCTCTCCCCTCCCTCTCCCAACCATCGCACTCCGTCTACAACTCCTTCCTCAAATGCTTCTC,51
A03_27856738,U,A,TGAACCCTAAACCCTAATATAAGCCATCAACCCAAATATAAACTCTAAACUCTAATCACTAAATTATAAATCCACATATAAACCCTAAACTCAAATAGAAT,51
A03_28209800,C,A,ATTTTCACAATATACAAAATTCTCTACATCTCTTTCCAAATTTAACAAATCTCTCAACTTTTAAAATCATCAAACTCTATAGAAATCTAAGTCCCACTAAC,51
A03_28209804,C,G,TCACAATATACAAAATTCTCTACATCTCTTTCCAAATTTAACAAATCTCTCAACTTTTAAAATCATCAAACTCTATAGAAATCTAAGTCCCACTAACACCC,51
A04_158140,A,G,ATCAACAATCTCCTCACCCCGCCATCTATCCACCGCTTCTCTCTTCCCTCATCATCTTCTTCCTTTTCCTCTCTCTCTTCTTCTGCTTCCCTCTTCACCAC,51
A04_158152,C,A,CTCACCCCGCCATCTATCCACCGCTTCTCTCTTCCCTCATCATCTTCTTCCTTTTCCTCTCTCTCTTCTTCTGCTTCCCTCTTCACCACACACTCTCTGAA,51
A04_2567695,U,C,GTCGTCGTTTCAGCTGCCGTCTTCCTCCTCATCTCCCTCGCCTATCTTCCUCTCCTCAACCAACTATGTAATAATTACTCCGTCGTTAAATCAAAACTCCT,51
A04_3255765,C,U,CACCTCTTCTCCCCAAACACACACAACTCCCTCACTCTCCGCCGCCTCTTCCTCTCCTCCGCCTCCAACGCCACCGTCTCCTCTTACCTCCACTCCTTAAC,51
A04_3255783,C,U,ACACACAACTCCCTCACTCTCCGCCGCCTCTTCCTCTCCTCCGCCTCCAACGCCACCGTCTCCTCTTACCTCCACTCCTTAACCCGTCACCCTCACCTCGC,51
A04_4623119,C,U,ATGCGTTCCTTTAATCTATCTCTCTGTTTTGCCTTCCTTTAATCCATCTCCCTTCTGTCACCTCTTCTCTTCCATCTATTAAATACATCTTCCTCTTCTAA,51
A04_5043125,G,A,CTACCTTCAGCCTGCTACTCCAACTCCTTCATCTAACTCTTCGTTCTTCCGCCGTGTCTCTTCCTCTTTCCTCCGCATCCTATCCGCCTTATTCGATTCCA,51
A04_6007305,C,G,TCCATTCTAGCGACCTAACATTCCATTTCATCCTTACCATTTTTTTACGACCCATTTATCTTTACTTAATCATTTCTACACATTTTCATTCACTTAACCAT,51
A04_6323199,C,U,TTTCTCCTCCTTCTCTTTATTCTTCTCCCCCTCCGCCTATTTCTCTTCCTCTTTCTTCTCCTCTGTTTCTGCTTCTTTTTTGTGTTCCTCTTCTGTTTTCT,51
A04_6323203,C,A,TCCTCCTTCTCTTTATTCTTCTCCCCCTCCGCCTATTTCTCTTCCTCTTTCTTCTCCTCTGTTTCTGCTTCTTTTTTGTGTTCCTCTTCTGTTTTCTCTTC,51
A04_6323244,U,C,TTCCTCTTTCTTCTCCTCTGTTTCTGCTTCTTTTTTGTGTTCCTCTTCTGUTTTCTCTTCATCTTCCTACTCTGCCACCTTTTCCTCCTCCTTCATCTCCG,51
A04_11489435,U,C,TTCCTCTGCAACTCAGTTTCTCTCTCATCATCTCTCTCTCTCCACTTCCCUCTCACATCTCTCCGTCTCACTACAACCACTAACTCCTCTTCTTCTTCTCT,51
A04_12035062,C,U,CCAACAACAACAACCTCCCCTCCTCCTCCGCCGCCATCAAACACACCTTCCCCCCCTAAACCATCTCCTTCTCCGCCTTCAGATACACGTTCTCCTCCACC,51
A04_13711263,U,A,CCATCTAAAATGACAAACAGATCTTCCAAAACCCACCTTACACTTTCAAAUTTTCTCCCTTTTACCCCAAACTTTATTATTTGTACTATTACGCTCATCAC,51
A04_18337556,G,A,CAACCTCCCACACCAACCTATAGTCCACCTATTAAACCACCTCCAGTAAAGCCTCCAACTCCAACTTACAGTCCTCCAGTCAAGCCACCTCCCGTTCAAAA,51
A04_18571419,C,A,TCTACTCACTCTCCTCTTCTTCTCCTCACTCCTCTCCCTATCCAAATCTACCCCACTGAAACCACACCCTCTTCCGATCCTACCCCTCCCTTCATCCCAAC,51
A04_18818145,C,G,AATCTTCATTCTTCGACTCTCCGCAAATCTCTTCTCATTTCCCACCGTTACTAATCCCCTCTCCTCTCTCTTCCCTCCCTCTCTTCGTGTCTCTCAAACCC,51
A04_19764933,C,A,ATCGTCTCCTCTCCTCCGAATCTCTCACCATCAACAAACCCTCTATTTATCTTCCTCCAAATCACCAACCGCCTCCTCCTCTCTCCGTCTTCTTCTTCATC,51
A04_19764935,U,C,CGTCTCCTCTCCTCCGAATCTCTCACCATCAACAAACCCTCTATTTATCTUCCTCCAAATCACCAACCGCCTCCTCCTCTCTCCGTCTTCTTCTTCATCAC,51
A05_1225256,C,A,TTTTTCTTTCTCCTCTTTACTATCGATCTCATCTCTTAAAAAAAAAAAATCTAAATCACCATTGTCTCAAATTAATTACACCACCAAACATTTTCGTTGAA,51
A05_2228102,U,C,CCACCTCCTCCTCCGCCATCTCCGCCCCATCCAAACACATTCTTCCCATCUTCCGACCCATCCTCACCCACCTCTCACCCCCCACCATCCCCATCTCCTCC,51
A05_2734443,C,U,CGCCTCTTCCTCCACTTCCACCGCCGCTACTTCCTCCTCCTCCTTCCCTCCTCCTCAGAACCCTAACTTCCACCACCACCACCCTTCCTCCGCCGATCATT,51
A05_7893125,U,C,ACTATATTTCACAAATAACAATATCAATCCTTCTCTCCTATTTTCTCTTCUTATCTCTCTCTACTCTCTTACTACAAATCTAATATTTTCCCCAATATATT,51
A05_7893149,C,U,CAATCCTTCTCTCCTATTTTCTCTTCTTATCTCTCTCTACTCTCTTACTACAAATCTAATATTTTCCCCAATATATTCATTCATCAAATTAACCCTAAAAT,51
A05_7893154,C,U,CTTCTCTCCTATTTTCTCTTCTTATCTCTCTCTACTCTCTTACTACAAATCTAATATTTTCCCCAATATATTCATTCATCAAATTAACCCTAAAATATAAT,51
A05_7893703,A,C,TAAATAAAATTTAGAAAATTAAATAAAAAATAACTAAAAATTCAAAAATAAATAAGATCAAATTAAAATAGAGAAAAAAATAATAATAAATTTCAAAAAAT,51
A05_8104610,A,G,TTAATTGCAAATATCAATACCCTAAACCTTTAACCATATACTCAACCTCTATTCTAAACTCATAACTTTAAATTTAAACTCTAAATAAAAAAATAATTAAA,51
A05_9529558,G,A,ATAGGTGAGAGAGAGAGGGAGGGAGAGAGAGGGAGGGAGAGGGAGGGACGGAGAGAGAGAGAGGGAGGGAGAGGGAGGGAGGGAGGAGGGAGGAGGAGAGG,51
A05_9529589,G,U,GGAGGGAGAGGGAGGGACGGAGAGAGAGAGAGGGAGGGAGAGGGAGGGAGGGAGGAGGGAGGAGGAGAGGGGAGAGAGAGTGGGAGAGAGGGAGAGAGAGG,51
A05_34197252,C,U,ACCGCCCACAAAACCACCCACCGTTAAACCACCTCCATCCACCCCTAAGCCGCCCACCAAACCACCCACCGTCAAACCACCACCCTCCACCCCAAAACCGC,51
A05_38586035,A,G,AGGCGGAGGAGAGGAAGAAGATGAGGGAGTTGGAGAGGGAGATGGAAGGGATTGAGTTGGATGATGAGGAGGAGGAGGAAGGAGGAGGAGGGAGTGGGGAG,51
A05_40612485,C,U,AATTTTACTCCAATTTATATATATTATTTTAAAAATCAAACCATTTTCAACCGTTCCATTTACACATACTAAAAGACCGCCATGATCCTCATTAATATTTT,51
A05_41141695,A,C,TCAAACAATCATAGCTAAATCCAATCTTATTTCTTATAATCTCTACTTACACTCTCATTCCCTGCAGTACAATCCACCATTCACTCTCCCGTTCACCCGCC,51
A06_8415942,G,U,ATGGAGAAAGAGAAAGAAGAAGAAGAGGCAAAGAAGAAGAAGAAGACAGTGAAAGAAGAAGGAGAAGTGAAGAAGAAGAAGGAGAAGAAAGTGTATGATTT,51
A06_11367693,U,A,ACTACCTAACTTTACCACACACAATCCTTTTCTTAATTCAACATCACTTCUATTAATTACAAACATCATTGCCAACTCACCAAAACATTAACTACCTAACT,51
A06_38956547,A,U,TTATCAATTTTGACAATTTCTTAATTTTACTTTTATTTTTTTAATTTTTAATTTTATTTTACTTTCTGTTTTTTTATTCTTATTTTTACTTATTTTTCGTA,51
A06_39061926,U,A,AACTTAATCCTCATCATCATCGCCGTTTCCGCCATCCTCCTCCTCCTCCTUACCCTCATCATCTACTCCACCGTCTCCAAATCCTCCCACAACGCACCGCA,51
A06_39061945,A,U,TCGCCGTTTCCGCCATCCTCCTCCTCCTCCTTACCCTCATCATCTACTCCACCGTCTCCAAATCCTCCCACAACGCACCGCAAAAACCCCCTTCCTCCGCC,51
A06_41514342,U,C,AAATCCTCGACCACTTTCTCACCAATCTCCTGCACCAACTCTTCTCTATGUCCTCTCCTCTCTCCTAATTCCACTAGCTATGATAACACAACAACAACAAG,51
A07_3146137,A,G,GCCACCACCACCACCACCTTCTCCTCTTCACTCTCTCTAATCCCCAAACCAAACAACCCTTGTACCACTAAACCCCTCTCTCTCCTCCCAAAACCCTTCCT,51
A07_3146148,G,C,CACCACCTTCTCCTCTTCACTCTCTCTAATCCCCAAACCAAACAACCCTTGTACCACTAAACCCCTCTCTCTCCTCCCAAAACCCTTCCTTAAACCTTCCC,51
A07_3146152,C,U,ACCTTCTCCTCTTCACTCTCTCTAATCCCCAAACCAAACAACCCTTGTACCACTAAACCCCTCTCTCTCCTCCCAAAACCCTTCCTTAAACCTTCCCCTCT,51
A07_3146167,U,G,CTCTCTCTAATCCCCAAACCAAACAACCCTTGTACCACTAAACCCCTCTCUCTCCTCCCAAAACCCTTCCTTAAACCTTCCCCTCTCTCCCTCAGCTCCTC,51
A07_3146188,U,A,AACAACCCTTGTACCACTAAACCCCTCTCTCTCCTCCCAAAACCCTTCCTUAAACCTTCCCCTCTCTCCCTCAGCTCCTCTTCTCCTCCTCTCCTCGTCCA,51
A07_3555243,U,G,CATAACTATTCTCCTTTCCTTCTCTCAAATTATACTCTTTAATATTTCTCUTTTGCTCTTTTTATTTTCTAATCAAAATCACCATAATACGTTCCTTCATA,51
A07_16181658,C,G,TTCTCAAAAATTTACCGTTAAAATTTCAAAAAAAAAAAAAAAAAATTCAACTCAATAAATAAAAATATTTTCATATCAACAAAAATCAATCATGCAATAAA,51
A07_19176326,C,U,TCGTTCCTCTGCAAATCTCATCCATATCCCTCCCTTCCTTCCAAAGCCGTCAGTATCCTCTCTCTCATTTCTATCCATCGATTTCGTCTCAAAAGCCACCT,51
A07_21935936,C,U,ACTCACCAACAATCTCACCCAACTTCTTTTTTAACCCTCTCATTAAATCCCACTAATCTTCAAACCCTATCTCTCATTTCACTCCTTACATCCATCCTATG,51
A07_23837954,G,C,CGTCTCCTCCTTGTCCTCATAATCCCTTCTGTATCCCTCCTCTTCTTACTGTCTCTATCTACCCTCACTCTTGATCCTCTTCCTTCTCTCGCCCCTCTTCG,51
A07_26154483,C,U,CTCTCATCTTCTCTCCCACTCGCTCTCCTCCACTCCATACTCCACCACACCCAATCCTTCCAGAATCCATCGCATCATCCTCCTTCTCCCTCTAACTCGCC,51
A07_27661756,C,A,AACCCAAACTCTAAACCCTAAACTATAAACCCTAGATCTTAAATCCTAAACCCAAACATTAGACCCTAAATTTAACCTTAAACCCTAAACCCAATTCTATA,51
A08_1501308,A,C,AATTACTTAACCCTTACATTAACTTCATCTTCTAAAGACTTAACCCTAAAACTAATAAATAAATCAAAATCCAAATACAAAATGATAAAAACAAATTCTCT,51
A08_16257543,G,U,TCCTCTTGATCAGTTTCCGCTTCTTCCTTGTCTTCGTCTTCTCCATTCTCGCCTTCTCCTTCTTCCTTTCCATCTCTCTCAAACTCGCTCTTCCTCACCTT,51
A08_16257555,U,A,GTTTCCGCTTCTTCCTTGTCTTCGTCTTCTCCATTCTCGCCTTCTCCTTCUTCCTTTCCATCTCTCTCAAACTCGCTCTTCCTCACCTTCCTTCGATTCGC,51
A08_16257560,U,C,CGCTTCTTCCTTGTCTTCGTCTTCTCCATTCTCGCCTTCTCCTTCTTCCTUTCCATCTCTCTCAAACTCGCTCTTCCTCACCTTCCTTCGATTCGCCTGAT,51
A08_17088950,C,A,ATGTACTCTGTTTCTTCCTCTTCCTTCATCTCTACATTCTCTCCTAAACCCTCTCTTCATCTTCGCCACTCATCTTCCTCTCGTCTTCTTCCCCGTATCAA,51
A08_18982129,G,A,ACATTGCCACAACCAACTCTTCCAACCATTCCCACTTCAATTCCTCCATTGCCATCAACATTTCCAAAACCAACTCTTCCCACCATTCCCACTTCAATTCC,51
A08_18982152,C,U,AACCATTCCCACTTCAATTCCTCCATTGCCATCAACATTTCCAAAACCAACTCTTCCCACCATTCCCACTTCAATTCCTCCATTGCCATCAACATTACCAC,51
A08_21290994,C,G,TTTGTTAACTATTCATAAATTTTCTTACTCTGCAGCCCTACATCACCATCCTACTCACCCACATCTCCATCGTATTCACCTTCAAGTCCAACATACAGTCC,51
A08_22266018,A,C,CTACCAAACTACTTCAACAACAACACGTTCTTACCCATAAACCAACAACCAGACCCGACATCTCAACCCGACCTCCGTACCTTCTCCGCCACATCATCATT,51
A09_4783753,G,A,CACCCATCTAAACACACTATATTTAATTATCTCACTCCTCTCATATTAAAGTAATCATCACCTCACTTTTATCTCTCTCTCTCTGTTTTATTCTTCTTCTT,51
A09_6614104,C,A,AACCCTTTCAAATCCCCAAACCTCTCCTCCGCCAAATCCCTCTTCAACTCCATCGCCGCCACCTCCAAAACCCCCCTCGACACCAAATTCCACAACTCCGT,51
A09_6821247,U,C,TCAATCGTCGTCTCCTTCTCACCAAGATCAATCCAAACCCATACTCCCTCUCTCTCAAATCCACACACCACCTCTGTTTCCCCTCCCCCAATGCCGTTCTC,51
A09_7325968,U,C,TACTTTATTTTACTCCACTTTATTTTTCTCTCTCTCGTATTTTACTATTAUATCATCTTCGTTTTACCACTTTTTTACTCCATTTTACTTTTAACTTTTAA,51
A09_7325969,A,U,ACTTTATTTTACTCCACTTTATTTTTCTCTCTCTCGTATTTTACTATTATATCATCTTCGTTTTACCACTTTTTTACTCCATTTTACTTTTAACTTTTAAG,51
A09_7947469,A,G,AAGAAAACAATTAAAAAAATATATCAGAAAGAAAAATTAATAGACACAAAAAAAAAACTATAATTAACATAATAGAAAATAACCAGAAGAAAATTACCAAT,51
A09_13447029,C,U,TCAATAAAATAGCAAAACAACACTCCATAGTTTAATAAATCCGAAAACAACAATTCATAGTTCAATAAAACCGAAAAAAACATTCCTTAGTTCAATCCCAA,51
A09_13913963,C,U,TTCAACACTCTCTCTATATTCAAAATCTTCTTTTTTATATTTTTAACATTCCACATCATCTTATCTCTCTTCCACCTCATTTATTCAACATCCACTTCATT,51
A09_13914004,C,U,TTTAACATTCCACATCATCTTATCTCTCTTCCACCTCATTTATTCAACATCCACTTCATTCTAAACCTATATAATAATTTGTTTTAAAAAATTTAACACCC,51
A09_14162410,C,G,TCACTCTCCCTCCCCTCAAAAACCCTAAAACCTCTCTCCACCTCACTCCTCTCCCTCTCCTTCCTCAACTGCCCTTCTCTCTCTCCTCCAAAACACCTCCC,51
A09_50815604,U,C,CTTCTCTTCATCAACCAATTCTCTTCTTCTTCTTAGCAACCCTTCTCCCAUTAATCCTGACCGTCCATTCTCAACCCTCTCCATCACCATCACCATCACCA,51
A09_54168480,C,U,AACTCCCACCAAACTTCCAATTTTTAAAACTCGCATCCCATTCACTTCTACCAGATTTCGTTTATTACTCTCGTCACACTCTCTCTCCGTCTCCCATCTCC,51
A09_55311879,A,C,AGACACTTTTATTTCTCTGAATCTTCTCTCTTCTTCTCTCCTATAACCAAAGCTGCTTACTTTATCTCTCTATCTCTCTTTATCTCTCTCTCTCCTTCACG,51
A09_56391081,G,U,CAGTCAAATCTCCACCACCACCGTACCATTACAACTCTCCCCCTCCTCCCGTAAAATCTCCTCCTCCAGTCTACATCTACGCATCTCCACCACCTCCCATC,51
A09_56391083,A,G,GTCAAATCTCCACCACCACCGTACCATTACAACTCTCCCCCTCCTCCCGTAAAATCTCCTCCTCCAGTCTACATCTACGCATCTCCACCACCTCCCATCCA,51
A09_60011018,A,C,CAATCACAACCTATACAGACAACCTTTCAATAACTCTATACACACGAACTATACAACCAAACATTCAGAAACAAACAAATCAATTCGAACAAACCAAGCCA,51
A09_60994358,C,U,CACCACCACCTCTACTCCTCTTCATCCTCACCGTCACCACTCTCCTCCCTCCCTCGTCCTCCCTTGATTTCCTCTACAACAACTTCACCTCCGCAGCAAAC,51
A10_1563275,C,U,AAACTGATTAAATTACTTCAAAATCTAAACACTTTATCTAATAACCTTACCCCTTAAATATAAAATCTTAAACCAATCAATAAAATAAAAATCAAATTAAA,51
A10_3393258,C,U,CAAGCCTTAAATCTCCAATCAAACTCTAACAATATAATCCAATCCCTAAACCACATACTTTAACATATATCATAAGAACATTAAACCTCAAACTTTAAATA,51
A10_3393268,U,G,ATCTCCAATCAAACTCTAACAATATAATCCAATCCCTAAACCACATACTTUAACATATATCATAAGAACATTAAACCTCAAACTTTAAATAAAATATAATT,51
A10_16573994,G,U,GAGGAGACAAAGGACGAGAAGGAAGATGAAAAAGAAGAGAGCAATGATGAGAAAGAAGATGAAAAAGAAAAGAACAATGATGATAAGGAAGATGAAAATGA,51
A10_16573997,A,G,GAGACAAAGGACGAGAAGGAAGATGAAAAAGAAGAGAGCAATGATGAGAAAGAAGATGAAAAAGAAAAGAACAATGATGATAAGGAAGATGAAAATGAAGA,51
A10_21264817,C,U,CAACCTGAACAACACAACTTCAAACCCATCAACCCTCCAACCTACGACATCTCATCACCAATCCAACCTCATCACTTCAACTCTAGTTACCAATCAATCTT,51
A10_23136180,A,G,GATGAGGATGAAGAGGAAGATGACGAGGGTAATAATGACAAGGAAGAGGAAAACAAAGAGGTTGGGGATAAGGAAGAAGTGAGTGAAGGCGGTAATAAACA,51
A10_24275860,U,C,TCCTCTCTGTCTTTCCTTTTCATCTTCTTTCTCTCTCTCTCTATCTGAACUTCCTTCCTCTCTTCTCACCGCTTTTCTCATCTCCACCGATTTATTTATTT,51
A10_24339576,A,G,TACCATCGATTCTCCAGACAACACCAACTCCACAGACCATTCACCACGAAACCAGACAACAACACATTCCTCCATCCCAACCAATCCGAACTCGCCCAAAA,51
A10_24339591,A,U,AGACAACACCAACTCCACAGACCATTCACCACGAAACCAGACAACAACACATTCCTCCATCCCAACCAATCCGAACTCGCCCAAAACCTAATCACAATCTT,51
A10_24339633,C,U,AACAACACATTCCTCCATCCCAACCAATCCGAACTCGCCCAAAACCTAATCACAATCTTCACAAGACAACCTTTCTCCCCCTCCGACCCCGACCTGCTCCG,51
C01_2743546,A,U,GCACCAATCTCATCGCCTTCATCTCTCGCTCTCCTCTCAACCAAAACTCGATCTCCACTCTCCCTCATCCTCCTCACTCCCAAATCCCTAATCTTCTCCAC,51
C01_7301771,U,C,CTCAGTTACAAAAAAAATATATATTCTCTCTCACTCTTCTTTCACATCTTUCCCTTATCCTCCTCTCCCTTTCATTCCCTTCACCTATTAAGCCTCTCATT,51
C01_10245234,U,C,TAATTAATAAAAACACTAAATTACACTAAATTTTAAACATTGACCTTACCUATATTCCATAAATACTAAATCGTAAATTCTAAACCTAAATAAAATAAAAA,51
C01_10824959,C,A,TCTTAACCCTAAATAATATTTTAAACTACACATAAAACTTAATCTTAATACCCTAAAACGAAAACTCAAACCCTGCATACACGACCATACATTCATCTTTT,51
C01_19181452,U,G,TCAACACTAAACCCTAAACCCTAAAAAATTAACCCTAAACCCTAAAAAATUAACCCTAAACCCTAAAACATCAACTCTAAACCCTAAACTTTCAACTCTAA,51
C01_21722370,G,A,ACTCCAACCAAAGTTCCATCTCCACCGCCACCTACACTATCTCCTCCTCCGACTCCAACGAAAGCTTCATCTCCACCACTGCCAAAACCATCTCTTCCTCC,51
C01_23414702,A,G,TCACTAAAAAATCTCCAAAAGACACCAAAATCACCACTTTCCTCCAAATCATCCCTGAACTTGTAAACACTCTAAATAAACTCTATATCGTAGTAAATATA,51
C01_24331288,C,G,ATTCTAAACCTCACACACAAAATCCTAAATCTACGCCCTATATCTAATACCCTAAACCCCAAACTTAAACCCTACTTACAAAATCATAAATCTAATCTTTT,51
C01_24331656,C,A,TCTTAACCCTAAATACTATTTTAAACTACACATAAAACTTAATCTTAATACCCTAAAACGAAAACTCAAACCCTGCATACACGACCATAAATTCATCTTTT,51
C01_46358051,C,U,CACTCTCCTCCACCACCAATCCACTCTCCGCCGCCACCACCAATTTTCTCCCCACCACCACCTACACCAATCTACTCTCCACCACCACCACCAGTTCATTC,51
C01_54318464,C,U,CGATCCAAGACTTCTGTATACCAAAACCAATCACATCTCCTCATCACCATCCCTTCTCCACAAATCTCCCATGCAAAAACTCCTCCGAACTAACCACCGAA,51
C01_55897754,U,C,ATCTTTAATCTTAACACTCATCACCTTCATCTCTCTCTCCTCACTTTCCTUCTCTTTGCCGACGACAAATACAATCCCATCTTCTCCAACAATCTTTCCTT,51
C02_493227,U,C,CTCCTTTCTCTATCCCTTCCCCAAAAAACCCTCCTCATCGCCACTCACCTUCTTTCTCTTCTCCAGCCTCTTCTACTCCACCGCAACCACCACACTCTCCC,51
C02_493242,G,C,CTTCCCCAAAAAACCCTCCTCATCGCCACTCACCTTCTTTCTCTTCTCCAGCCTCTTCTACTCCACCGCAACCACCACACTCTCCCCTCATATGCCGCCAA,51
C02_3594165,A,G,AAACCTTAAAACTTTAAACTTTTCACACAATAAACATTAATCTAAACCCTACCCTAAATACCATTTCTTAAAACCCTATATCGTAAATACAAACTCCAATT,51
C02_7189206,U,C,TCAGTTACAAAAAAAAATATATATTCTCTCTCACTCTTCTTTCACATCTTUCCCTTATCCTCCTCTCCCTTTCATTCCCTTCACCTATTAAGCCTCTCATT,51
C02_18909996,C,A,ACCCCAAACCCCAACCCCCAAACCCGAAACCCCAAACCCGAAACCCCAAACCCGAAACCCAAAACCCCAAACCCGAAACCCGAAACCCAAAACCCAAAACC,51
C02_18910738,C,U,ACCCGAAACCCGAAACCCAAAACCCCAAACCCGAAACCCCAAACCCGAAACCCGAAACCCGAAACCCGAAACCCGAAACCCGAAACCCGAAACCCCATATT,51
C02_18911148,A,U,AAGCCCAAACCCCATATTCCTTATTTTCTACTTCATATATTCCAAACCCCATCTTTATTTCCATTCCAAACCACAATTCCCACATTTGCTTATTCATAAAA,51
C02_24042182,C,U,CAACAAAACAAATTATTCAACCAAATCATAATTCTAAACCTATTATACAACCAAATCACAATCCTAACCAATCACCCTAACAAAAAACTATCAAAACTACA,51
C02_27019274,C,U,GTCTACTTCTATAACTTTTTTTGTTTTCTTTCAGTTTTGCTTTTACATTTCTTCATCTTCAATACCATACTTGCTCCAACGTTTTTTTTTTTGTTTTAAGG,51
C02_28773834,G,C,AAGAAGAAGAAGAAGAAGAAGAAGAAGAAGAAGAAGAAGAAGAAGAAGAAGGAGATGTGAGTAAAGTTGAGAACAGAGAAGAAGTTGAAGAGGATAATGTA,51
C02_29621428,A,G,TTCTATAACAACCACACTTTCAAGCAAACTTTCCATTCAATCTTATACGAACAACAATAATGTCAAACCATCTTCAAGAGCCCTTACCCACTTACCCTAAG,51
C02_30468975,C,A,CTCTTCCATCTTCTCCTCCATTTTATTCCAAGTCCAATTCATCACCTAAGCAAACACATTAAACACAAGAAATTCATCACAAATCCAAAAGCCACAAAACA,51
C02_35297612,C,A,ACCCTAAACTCTAAACCCTAAACCCTAAATTTTAAACCCTAAACCCTAAACTCTAAACCCTAAACCCTAAATCCTAAACCACACCCTTTAACTCTAAACCC,51
C02_35297614,C,U,CCTAAACTCTAAACCCTAAACCCTAAATTTTAAACCCTAAACCCTAAACTCTAAACCCTAAACCCTAAATCCTAAACCACACCCTTTAACTCTAAACCCTA,51
C02_50924213,A,G,GACGAAGACGAAGATGACGATGAAGAAGATGAAGAAAAAGAGAAGGAAAAAGAGAAAGAAGAGGAGAAGAAGAAGGAGAAGGAAAAGGAAAAAGGAACACT,51
C02_54252290,A,G,AGACTCATAGAATCCAAAAACCTGTAAAACTCAAAACACTAAAGCTATCCAAAAATATTCAAATACCCAAAAAGACAAATTTTACCCAAATCTTATCTAAG,51
C02_57557483,U,G,GAGGAAGAAGAGAAGAGTAAAGCAGAGAAGGAAGAGAAGAGGAAGAAGAAUAAAGAAGAGGAGGCAGATAACAAGAAGACAGAGGAAGACGAGAAGAAAGT,51
C02_57600965,A,U,AATCCAAGAAAAATGAAGAACAAAAGAAGAGAGAACATGAAAAAAACAAAACGAATGAAAATGAAGAAGAGAAAAAGAAAGAACACGAAGAAAACAAATTT,51
C02_57600980,G,A,AAGAACAAAAGAAGAGAGAACATGAAAAAAACAAAACGAATGAAAATGAAGAAGAGAAAAAGAAAGAACACGAAGAAAACAAATTTAAAAAAGAAGAAGAA,51
C02_64223100,C,U,AACCCTAAATATTGTACTCCAAACCCTAAACTCTACATCTAAACCTTAAACCCTTAACATAAACTTCAACTCAAAATTTAATATTTTTCAAAATTGATCTC,51
C03_2186692,U,C,CTTCTCTCCTTCTCTAGAAAACGAACTCTCTCATTACCTTCAAAAAAACCUTAAACCCTATTCATCATACACACTACTACACAGACGCAATTCTATCGCCT,51
C03_7630623,U,G,TCTTCCCCTCTCAACAACCAATACCCGACTCTTCCTCTTTTCAACAACAAUAACAATAACACTAACTTTACTTTCCCTAGACCTCCACCTCTCCTCCAACC,51
C03_7630641,U,C,CAATACCCGACTCTTCCTCTTTTCAACAACAATAACAATAACACTAACTTUACTTTCCCTAGACCTCCACCTCTCCTCCAACCGCCTTCTTCACTCTTTGC,51
C03_7630829,A,G,CACTTCCTTTCTGACATTGCCTTACTCTTCCTCTGCTGCTCCAAACACTCAACCCATTACTTACCATAACACTAACAATAATTACTCTTCGTTCTCATTAA,51
C03_7630881,U,C,CCCATTACTTACCATAACACTAACAATAATTACTCTTCGTTCTCATTAAAUCCTTCATCTTCGTCATATCCTACAACAACTTCTTCCCCAAGCTTTCTTCA,51
C03_7630893,G,U,CATAACACTAACAATAATTACTCTTCGTTCTCATTAAATCCTTCATCTTCGTCATATCCTACAACAACTTCTTCCCCAAGCTTTCTTCACTCCCATTACAC,51
C03_7630916,C,U,TTCGTTCTCATTAAATCCTTCATCTTCGTCATATCCTACAACAACTTCTTCCCCAAGCTTTCTTCACTCCCATTACACTCCTAATTCTTCTTCCACCTCCT,51
C03_15322593,A,U,CTAAACATAAAATTTTAAAACTTCAATCTTAAACTTAAACTCAAAATTTAATAATTCTAAAAATTTAACCTCAAATTCCTATTTTAAACCTCAAACACTAA,51
C03_15484831,U,C,AACGCCGTTCATCCCTCACCACCTCCACCTCCACCAGCCTCAATCCCTACUTTTCCCGCCAACATCTCTTCTCGCTTCTTCCCACCTCACAACTCATCCAA,51
C03_15484844,A,G,CCTCACCACCTCCACCTCCACCAGCCTCAATCCCTACTTTTCCCGCCAACATCTCTTCTCGCTTCTTCCCACCTCACAACTCATCCAAACCTCACAACAAC,51
C03_15484854,G,U,TCCACCTCCACCAGCCTCAATCCCTACTTTTCCCGCCAACATCTCTTCTCGCTTCTTCCCACCTCACAACTCATCCAAACCTCACAACAACAACCACCACA,51
C03_20988827,C,U,AAAAACAAACACAAAATATATTAATATATCACCTACTACTACAAAACACACTAAAAATACCAAGTAATACTCTTAACAAATAAAAAAGACAACAAAATTAC,51
C03_21626058,U,C,CTAAACCTTTTTTTTTTAAATACGAACCCTAAACCCTAAAACATGAACTCUAAACACTAAACCCCCAAACATCAACTCTAAACTCTAAACCCTAAAACATA,51
C03_21626174,U,A,ACCCTAAACTTCAACTCTAAACCCTAAACCATCAATATTAAACCCTAAACUATCAACACTAAACTCTAAACCCTAAAAGTACACTCTAAACCCTAAACCCT,51
C03_21626187,C,U,ACTCTAAACCCTAAACCATCAATATTAAACCCTAAACTATCAACACTAAACTCTAAACCCTAAAAGTACACTCTAAACCCTAAACCCTAAAAAATTAACCC,51
C03_22235311,U,C,AACACTTAATCATTAAAAATAAATTATAACCCATAAAATCAACATATAACUATTAAATATATAAATAAGGCCAACACAGAAAATAATTCACATATATACCT,51
C03_23490896,C,A,TTCTTCTCGTACCGTATCTTCATCTCCGCCTTGTTCTCTTTTCTCTTCCTCGCCACCTTCTCCGTCGTCCTCAACTCCTCTCGTCACCAACCTCACCTCGA,51
C03_27771893,A,C,CTCCACATCAATATCCCGGCCCACACTCTCCCCTTAACCACTCTCATAACAAACGATCCACCCCACTCCTAGCTACTGACCACAACTCATCTGACCACGAA,51
C03_27956543,U,A,AGCCACCCGTCCCCGATTCTCCCTCAACTCAACAACCCTGCTCCCACCAAUTCCTCCACCACGACTTCGCCTACACCTACTCCAAACCCCCCGTCCTCGCC,51
C03_27956578,A,G,CCCTGCTCCCACCAATTCCTCCACCACGACTTCGCCTACACCTACTCCAAACCCCCCGTCCTCGCCAACTACACTCTCCCCTCTCACTGCCCTTCCCAACA,51
C03_32320539,C,A,CTATCCAATTCTCAACTCCTTCACGCACTCCTCACCTTCTCCACCTCCCTCACTCACGCTTCCACCGTCCTCTCACTTCCTTATCCTTCCGCCAATTCCCT,51
C03_33117886,A,G,TTCATCCGCCTTAAAAAAAACAAAAGTTAAACAAACATTAGAAATTAGAAAAAATGCATAAAAAACAAAATAAAAATACTTAAATAATTAAAAAAAAGATT,51
C03_33485096,C,U,ACTTTAAATCTAATTAAAAAAAAACTCCATTCAAAATCTTAAATGTAAACCTTAAATCTCCATCAAATTCTATACCCTAAATCCTAACTTCAAACATAAAC,51
C03_33485227,U,A,AATTTTAAAAATTTAACAAACTTCAAATTTAAATCTTAATCACAAACTTTUATATACAACTCTAACTCCTACACTTTCAAAACTTTCAATCCCTAAATCAT,51
C03_68500968,U,C,CCATATTCCTTATTTTCTACTTCATATATTCCAAACCCCATCTTTATTTCUATTCCAAACCACAATTCCCACATTTGCTTATTCATAAAACAAACTCCCAC,51
C03_69384357,U,A,CTCAATCAAACTCAAAGCCCTAAACCTCTCCACCTCCTTCCTCCCTCCACUCTCATTCACCACCCCATCCTCCTCCCTTCCCCAATCCACCCGCCGCTCCT,51
C03_72077577,A,C,AAAATAACATTTTTTACCTTAAATTTTAAACCCTAAACATGCCCTAAACCATAACTACATATCTCAAACCCTATATCTTAAATTCCATTTTATACATAAAT,51
C03_72077597,C,U,AAATTTTAAACCCTAAACATGCCCTAAACCATAACTACATATCTCAAACCCTATATCTTAAATTCCATTTTATACATAAATCTTCAAATAAACATTTTAAT,51
C03_75453555,C,U,CTCTCCTCCTCCACCACCACCACCACAACAACAACCTCATCCTCTTCCTCCTCCGCCATTCTCAAGACAACTAAACGACACCCATCTCCCTTACTCCCTCG,51
C04_6502472,C,A,AACTGTTTCTTTCTCTTCCGTTTCTTCTATTTCAAACCTTTCAGCTCTTCCTTCTTTCAATTCTATTCCTTCTTTCAATTCTCTTCCAGCTTCTCGACTCA,51
C04_11206901,U,C,ATTTGAAATCTTATTCCCAAAACCTCATTTCTCAACTCTAAACCCTAAACUCTAAACTCTAAACCCTAAACCATAAACCCTAAACCCAAAACCCTAAACCC,51
C04_16977384,C,U,CCTTCTTCTCCAACATCATTTTTACGTTCTTCACCTCCATTTTTTCATCACCATTTCTTAAAAATCAAACTCAAACTCAAACTTAAGTGTCATTCATCTAA,51
C04_18292117,A,C,CAACTCTAAACCCTAAACCCTGAAACATCAACCCTAAACCCTATCCCCTAAACCTTCAACTCTAAACCCTAAGACATCAACTCTAAACCCTAAACCCTAAA,51
C04_18292210,A,C,ACCCTAAACTTCAACTTTAAACCCTAAACCCTAAACTATCAACACTAAACACTAAACCCTAAAAAGTAAACTCTAAACCCTAAAAAGTAAACTCCAAACCC,51
C04_18292268,A,U,CTAAAAAGTAAACTCTAAACCCTAAAAAGTAAACTCCAAACCCTAAAAAAATAACTCTAAACCCCGAAACATCAACTCTAAACCCTAAACCCTAAACCTTC,51
C04_18292273,U,C,AAGTAAACTCTAAACCCTAAAAAGTAAACTCCAAACCCTAAAAAAATAACUCTAAACCCCGAAACATCAACTCTAAACCCTAAACCCTAAACCTTCAACTC,51
C04_18292280,C,U,CTCTAAACCCTAAAAAGTAAACTCCAAACCCTAAAAAAATAACTCTAAACCCCGAAACATCAACTCTAAACCCTAAACCCTAAACCTTCAACTCTAAACCC,51
C04_18293350,C,A,ACCCTATACCATCAACACTAAACCCTAAACTATCAACACTAAACCCTAAACCCTAAAAGTAAACTCTAAACCCTAAACCCTAAAAAATTAAACCTAAACCC,51
C04_18293368,A,C,TAAACCCTAAACTATCAACACTAAACCCTAAACCCTAAAAGTAAACTCTAAACCCTAAACCCTAAAAAATTAAACCTAAACCCTAACACATCATCTCTAAA,51
C04_18293404,C,A,AAAAGTAAACTCTAAACCCTAAACCCTAAAAAATTAAACCTAAACCCTAACACATCATCTCTAAACCCTAAACCCTAAACCTTCAACTCTAAACCCTAAAC,51
C04_31861292,U,A,CCCTAAATCTAAACTTAAAACATCAACTCTAAACCCTAAATTATCAACTCUAAACCCTAAACCATGAAATATCAACTCTAAAACCTAAACCCTGAAACATC,51
C04_31861311,U,C,ACATCAACTCTAAACCCTAAATTATCAACTCTAAACCCTAAACCATGAAAUATCAACTCTAAAACCTAAACCCTGAAACATCAACTCTAAACACTAAACTC,51
C04_36573214,C,A,AAACAACTTTGCCACTTTCTTGCCATCCACACAATACACTCACCCTTTTCCACCATTATTGCTTCCCCTTTACTTCCCCTCAAAAACACTTTATCATGTAA,51
C04_39427687,U,A,CTCTCTCTCTCTCCCATTTTCATTTTTCCTCTAATTTCACCTTTTTTTTTUTTTTCCCTCTTATTTACTCCATCTTTCCCAGTCACACATTACTACTATTC,51
C04_43401429,U,A,TTCTACACTCTCCACCACCCAGACGCCACTCCTCCTCATATCTTCTCCCCUAACACACACAACTCCCTCACTCTCCGCCGCCTCTTCCTCTCCTCCGCCTC,51
C04_46581521,C,U,TCTTCCTCCACCCTCCTCTATTCTCTTTCTCTCTTCCTCTTCCTCTCCCTCTCACTCCTCTTCTTCCTCTCCCCTCACATCCTCCTCTCTTCCTCCGGCAA,51
C04_46721352,U,C,ACTCTAAATCTTAAATTCTAAATCCTATACCCTAAATTTTAAATCCAAATUCAAATCTCTAAACTCAGACCCTATATCCTAAATCCTAATCCTAGATCCTA,51
C04_64296859,A,C,ACGTTATTCACTTATACATTCACTTATCCTTTCACATCCTTATTCACTTTAACTTATCCATTCTCATTCTCATTCACTTTCCTTTACACTTAGACTCGTAC,51
C04_66217510,C,U,TTTTTCTTTTAACCCCCTATTTTTTACCTTTTAATACTCCACATCATATTCTCTTTTATCCATATCATATTTCTTTTTCCACCTAATCATTTAACATATAT,51
C04_66217519,C,A,TAACCCCCTATTTTTTACCTTTTAATACTCCACATCATATTCTCTTTTATCCATATCATATTTCTTTTTCCACCTAATCATTTAACATATATTTAATTTTT,51
C04_66217521,A,C,ACCCCCTATTTTTTACCTTTTAATACTCCACATCATATTCTCTTTTATCCATATCATATTTCTTTTTCCACCTAATCATTTAACATATATTTAATTTTTAT,51
C04_69623043,U,C,ATCTCCACCACCACCGTACTACTACCACTCTCCTCCTCCCCCAGTTAAATUTCCACCGCCGCCATACTATTATCACTCTCCACCACCACCAGTCAAATCTC,51
C05_3729182,U,G,TCTCTCTCTTATTTTTTTTTTTTAATTTACTCAACCCTATAATCTCTCTTUCACCTCTTTTCTTCCTCTCTCTATCTCCCACCTGCTGATCTCTACTCGTT,51
C05_6819922,A,C,AAACCCTAAAACATCAACTCTAAACCCTAAACGTAAACCCTAAACCCTAAATCTAAACTTAAAACATCAACTTTTAACCCTAAATCATCAACTCTAAACCC,51
C05_7415569,C,A,GTACGTCTCTCATTAACTCTACTATTTTTTTTTCTATTTCTTCATTATATCTAACCTTCGCTTTTTTTCATTTGTCCTCTATCAGCACCGTATTCATCTTC,51
C05_8349648,A,G,GAAACAACCTCAACTCCTCAACGTCCACACCAAGCCTCTAAACCAAACCAAAATCCTCTTCACCAAACCCAAACAACAAACCAAAATCCTAGTACTGACAT,51
C05_10166218,A,G,ATCATAAAAACAAAAACAAATCGAAATATAAATAACATAATGATTAAACGAGAAAGGACAAATAGGAATGAAATAATAAAAACAAAAACAAATTGAAATAT,51
C05_42092003,G,A,AAGGGATAAATGGATAAAGGGATAAAGGGGTAAAGGGGTAAAGGGGTAAAGGGGTAAAAGGGTAAAAGGGTAAAAGGGTAAAAAGGTAAAAGGGATAAAGG,51
C05_42334443,C,U,AACCCTAAACCCCACCCCTAAACTCTAAACCCTAAACCCTAAACCCTAAACCCTAAATCCTAAACCCAACTCCTTAACTCTAAACCTTAATGTCTAAATTA,51
C05_49662333,A,U,ATTCGAAACCCTAAACCATAAAACATCAACTCTAAACCCTAAACCCTGAAACATCAACTCCAAACCCTAAACCCTAAACCTTCAAATCTAAACTCTAATAC,51
C05_49662518,A,U,AACCCTAAACCATGAAACATCAACTCTAAACCCTAAACCCCGAAACATCCAACTCTAAACCCTAAATTTTAAACCTTCAAATCTAAACCCTAAATCATCAA,51
C06_6793175,U,A,TCCCAAATTATTGACTTCTAAGCATCCACTATCATTTTCTATATCTTAACUACTTTTTTCTTTTTCTACACTTGTACAAATCTAAACGACTATATTAACGA,51
C06_14506737,G,A,GTTGGTGGAAGGAAGAAAAAGACGGTGAGGGGGAAGAAGAAGAAGAAGGCGGAGGAGAGAAGAGGAAGTAAGTTAATGAAGTGGTGGAAGAGGGTTTTAAA,51
C06_17341070,C,A,CTAACCCTATCCATGACGACATCCACAATAACTTGAGCCTTGACCACAAACATCCTAACCCTTAACAAATTCTAATCCACAACCATCCTAAAAATAAACTG,51
C06_26428725,U,C,CATCATCATCTCCTTCTCTTCCATCAATACCCTTAACCAGACCTCATATTUACACCTCCATACCCTTCTTCACCATACCTCCTGAATCAACACAACATCGC,51
C06_30457647,C,U,AATTTTACATTATACATTTCAAAAATAAAAAACACTAAACAACACAAAAACAAAATCACTAATCTTAACTCAAACACTATATCTCAAACCCTAAAATCTAT,51
C06_41003486,U,C,CCCTAAATCGTAAATTCTAAATCCTACATCCTAAATTCTAAACCCAAATCUAAACCCCTAAACCCAAACCCTATACCCTAAACCCTAATCCTAGACCCTAA,51
C06_41003500,C,U,TTCTAAATCCTACATCCTAAATTCTAAACCCAAATCTAAACCCCTAAACCCAAACCCTATACCCTAAACCCTAATCCTAGACCCTAAACCCAAATTATATA,51
C06_42220636,C,U,TCTACCATTTTCCCAAACATACAATTACACAATCATTCTCAAATGTCAAACCCAACTCACATCTCTCACCAAAAGATCCTAAGAACATTAACTCCTTCTCT,51
C06_42436532,U,C,CATGCATGTCCCTAAACCCATCTCCTCCTAAGTCCCCAAACCAAAGCAAAUCCATCTCCTCATCAAAACCCTTCATCACCCTCCCAACCCCACCAAAACCC,51
C06_43756382,U,C,AGTCTCCTCCTCCGTTCCTACACCCTCCCTCAAACCACCATTCTCTCCTCUCTCAACCCCTCAATCAAACCGAATCCCCAAAACCAACTTCATCGTCGACT,51
C06_43756388,C,U,CTCCTCCGTTCCTACACCCTCCCTCAAACCACCATTCTCTCCTCTCTCAACCCCTCAATCAAACCGAATCCCCAAAACCAACTTCATCGTCGACTTCTTCC,51
C06_50144290,U,C,TGTTATGTTTAAATCCCTAGAATCCGAAACCCGAAACCCCATACCCGAAAUCCCATACCCGAAACCCCAAACCCCAATCCCCAAACCCGAAACCCGAAAGC,51
C07_11796290,A,C,CGTCCACGCTTCACCCATCCATACCTCACCCATCCATACCTCACCCATCCATGCATCACCCATTCATACCTCACCCATCCATAATTCCCAAACACCTTCAT,51
C07_23982544,C,U,TTTTTATTTTTTTAAATTTGAAATCTTATCCCAAAACCTCATTTCTCAACCCTAAACTCTAAACCCTAAACTCTAAACCCTAAACCCTAAATTCTAAATTC,51
C07_40128680,U,C,TTACAGCAACACAGTCTTCTCCTTCTCCTTCACCAATCCCAAACCCAACAUCTCTCCACCAACTCTCCTCCGCTCCCTCTCCTACTTCTCCCCTCACCAAC,51
C07_44246516,U,C,CGCCACCACCACTACTAACTCTCTCTCTAGTCTCCTGAAATCAAATTCCAUCATGCAACACCATTTTCTTCATTATCAACATCACCAACATATTCTTCACC,51
C07_45635338,G,U,AAGAAGAAGGTTGAGGAAGAGGAGAAGCGAAAGAAGGAAGAAGAGGAAGAGAAGAAGAGAATAAAGGAAAAGAAAGCAGAGATGAAGGGAAAGAAGGATGA,51
C07_45635364,C,A,GCGAAAGAAGGAAGAAGAGGAAGAGAAGAAGAGAATAAAGGAAAAGAAAGCAGAGATGAAGGGAAAGAAGGATGAGAAGAAGAAAAAGATTGAAGAAAATG,51
C07_50678457,U,A,AACACAAACGCTCTCAACCTCTTCGCCGATATCCACCGTTCCACAACTCCUAAACCCGATCAGTACACCCTCTCCTCCGCCATCACCGCCGCTTCCCACCT,51
C07_51552614,A,U,AATTTTTTACAGCTTTAAAATAAATAAAAATAAATAAATACAGAAAAAACAAAAAATACAATAAAAAAATCAACCTGAAAATCACTCATAATTCAAATCAA,51
C07_51552634,C,A,TAAATAAAAATAAATAAATACAGAAAAAACAAAAAATACAATAAAAAAATCAACCTGAAAATCACTCATAATTCAAATCAATAAATTTAAAATTTCATCAA,51
C07_53550684,A,C,TTAAACAAGACAACAACAATATAAAAAAACTAAACAAAAAAACTTTTAAAAATTACATGAAGACATAACTATTACACAAATTTAAATATCAACAACACTAA,51
C07_55020652,C,G,AAACATAAAGAGGAGAAAGGAATGAAAAAGTTGAATGAAAAAAAAAAAATCAAAGAAAAATACAAACAAAGAAGAAAAAAATCGAAGAAAAAAATGAAGAA,51
C07_55823196,U,C,TGATACCAACCAAAACCAAAACCACCTCTTTCTCTTTCCTTAAAGCATTTUCTTTTCGCATCGTTCCTCCCACACGCCTCTCTCTCTCAGATCACTTGTTC,51
C08_607232,G,A,CAGCTACTCTTCTCAAACCCAATCCTCCTCCTCCGCCGCATAAACCGACCGTCATCACCGCCTCCGTATCTCCTCCTCTTCGCCACACCCTCCTCCGCCGC,51
C08_6434257,A,C,GAAGCATTCATCACCACCACAACCACAATATAACAAGCATATTCACTACCATCACCTAACTCTAACCACCACCTAACTCTAACCATCACCTAACTCTAAGC,51
C08_6434259,C,A,AGCATTCATCACCACCACAACCACAATATAACAAGCATATTCACTACCATCACCTAACTCTAACCACCACCTAACTCTAACCATCACCTAACTCTAAGCAT,51
C08_6949536,G,A,AGAGGAAGAATAAACCAGATGAAAGCAGGAGTAGAAAAGGAAGAAAGCAGGAGGGGAAGAAAAAGAAGAAGAAGAAGAAGAAGAAAGTAGGAGGAGAAAAC,51
C08_11304925,U,C,TAATCCTCCTCTCAGCCTCTCTCTTCCCCATAAACCCACCTTTAATCTCTUCCACAAAACCCCTAAATCCATTGTCTCCGCCGTCACATCCCCATATCCAA,51
C08_33530594,C,A,CATCAACTCTAAACCCTAAACCATGAAACATCAACTCTAAACCCTAAACCCTAAACCCTAAACCTTCAAATCTAAAAACTAAAACATCAACTCTAAACCCT,51
C08_33530596,A,U,TCAACTCTAAACCCTAAACCATGAAACATCAACTCTAAACCCTAAACCCTAAACCCTAAACCTTCAAATCTAAAAACTAAAACATCAACTCTAAACCCTAA,51
C08_33538432,C,U,AGTACACCCAAATCTCTACAGTTTTCTTCCTCAATGCCAGCAATACCATTCTCATTCTCTAATTCAAGCCTACTATCTTCTAATTCTCGCCTACAATCATC,51
C08_33538455,U,C,TTCTTCCTCAATGCCAGCAATACCATTCTCATTCTCTAATTCAAGCCTACUATCTTCTAATTCTCGCCTACAATCATCTTCTATATTTCCAAATTCCTCTT,51
C08_39449715,A,C,ATTCTTCTTCTCTCAATACAAAATTTTCTTAATTCTTTCATTTTCTTAATATTTTTTTCTCAACCATTTTCATATTCTTCTTCTTTCATTTTCTCAACCTA,51
C09_6191848,C,U,AATTTCTCCTCACTCTATATAAACTCTCGCACATCTTCACATTTTCCACACAACTCACAAAACATGTCTTCTTCGTTTCTCTCATCTACTGCTTCTTTTTT,51
C09_9254478,A,C,CATGCTCTTTCTCCAGTTCCTCTCTCTTCTCCTTCAACCTCCCTAATCAAAACTCTCTCCACCGTCGTCCACCAACCCTCCCCCGTCACGCCATCGTCTCC,51
C09_13419668,G,C,ACCTATTCTAATTCCATCATAATCTCACTCCATCCTAATCTACTTCCATCGTAAACTAATTCCAAACCTAATCTAATCACCTAACTAACCGCCTAAAACTA,51
C09_15957555,C,A,AATTTTAAAATTAACATCAACAATATATTTTCCAACATTATCCACCTAATCAACACTAAATAACATAAAATCCGCAAACCTATCTAAATTCCCTATACTAA,51
C09_15958026,C,G,TAGAACCCCAAACCCGAAACCCGAAACCCCAAACCCCAAGCCCCAAACCCCAAACCCGAAACCCGAAACCCCAACCCCGAAACCCGAAACCCCAAACCCGA,51
C09_15959144,C,U,CCAAACCCCAAACCCCATATTCCTTATTTTCTACTTCATATATTCCAAACCCCCATCTTTAATTTTCTACTTCATATATTCCAAACCCCATATTTAATTTT,51
C09_15959402,C,G,CGAAACCCGAAACCCCAACCCCCAAACCCCATACCCTAAACCCGAAACCCCAAACCCGAAACCCGAAACCCCAAACCTGAAACCCCAAACCCGAAACCCGA,51
C09_17481919,A,U,CCTATTACACAACAAATCACAATCCTACCCAATCACCCTAACAAAAATCTATAAAAAAACTTCTAAAATCATCAAATCTACTTAAAAACCTAACAAATAAG,51
C09_20123452,U,C,AGGAAAGAAAATACTAAGACCTAATTAATTCATAAATTTAAACAGCAAAAUTCATCAAGTAAAACGCCATACCCACATCATAAACCCTCTAATAATAGTCT,51
C09_23830218,U,C,GAAGCATTCATCACCACCACAACCACAATATAACAAGCATATTCACTACCUTAACCTAACTCTAACCATCACCTAACTCTAATTACCATCACCTAACTCTA,51
C09_24920938,C,A,CAATCAAAATATATAAACTAATAACACCTCATAAATTTTAAATTCAAAACCCTAAACCTTAAATCCTAAACCCAACCCCTATAACCTAAACTCAAATCCTA,51
C09_24920963,C,A,ACCTCATAAATTTTAAATTCAAAACCCTAAACCTTAAATCCTAAACCCAACCCCTATAACCTAAACTCAAATCCTAGACCCTAAACCCAAACCATATACTT,51
C09_24921003,A,G,CTAAACCCAACCCCTATAACCTAAACTCAAATCCTAGACCCTAAACCCAAACCATATACTTTAAACCCAAATCTCATACCCTAAACCCAAACCGTAAACAT,51
C09_30484546,C,U,CCCTAAACCCTAAAAAGTAAACTCTAAACCCTAAACCCTAAAAAATTAACCATAAACCCTAAAACATCAACTTTAAACCCTAAAACCGAAACCTTCAACTC,51
C09_44803958,U,C,AAAATAAACACAAAACATATTAACATTTTACTTACTACTACATAATATAAUAAAAATATCAAATAATACTCTTAACAAATAAAAACAACCAAATAATGTTT,51
C09_44804397,C,A,TGTCCCTGCCTTTACACCTTCTCCAATTCCCTTCATAACGTTACTTCCCACTCCTCCGACTCATAAAGACCCCTCCATTACTACAACAATCCAAGAAATTG,51
C09_47324749,C,U,TGAAAAAAAATGATGCCACTAACATAACTCTAAATCTTAAATTCTAAACTCAAACTCTAAACCCTAAATCCTAAACCCAAACTCTAAACCCTAAATCCTAA,51
C09_49261312,A,G,AGGATGAGGATGAAGATAAAGAGGAGGAGACAAAGGACGAGAAGGAAGATAAAAAAGAAGAGAGCATGGATGAGAAAGAAGATGAAAAAGAAAAGAACAAT,51
C09_62921332,G,A,GATGAGGATGAAGAGGAAGATGATGAGGGTAGTAATGACAAGGAAGAGGAGAACAAAGAGGTTGGGGATAAGGAAGAAGTGAGTGAAGGCGGTAATAAACA,51
C09_64202567,C,U,ACCCTTCTCCTCCTCTTCTTCCTCGTTTTCATCACTCCACACGTCTCATCCTTTCTTCAACCTGTCCAGCCTCCCAATTCTCCCCAAGTAATCAAATCTTT,51
C09_64202596,C,A,CATCACTCCACACGTCTCATCCTTTCTTCAACCTGTCCAGCCTCCCAATTCTCCCCAAGTAATCAAATCTTTCACTCAATGTCTCTTTTTTTTTTCCTAAT,51
C09_64827882,C,U,TCATCTGCTTCTTAATCGCCTCCTTCTCTCTCTCTCTATCTGAACTTCCTCCCTCTATTCTCACCGCTTTTCCTTCTCCACCGATTTATATTTTTTCCCCT,51
C09_64827883,C,U,CATCTGCTTCTTAATCGCCTCCTTCTCTCTCTCTCTATCTGAACTTCCTCCCTCTATTCTCACCGCTTTTCCTTCTCCACCGATTTATATTTTTTCCCCTA,51
C09_67843685,U,C,TTTATATCTTATCCCCAAAACCTCATTTCTCGATTTTAAACCCTAAACCCUAAACTCTAAACCCTAAATCCTAAACCCTAAACCCTAAACTCTAAACCCTA,51